row,sen_number,date,date_label
1,2024SIR0004128,1/1/24,date1
1,2024SIR0004128,1/2/24,date2
2,2024SIR0004222,1/4/24,date1
3,2024SIR0004191,1/1/24,date1
3,2024SIR0004191,1/4/24,date2
4,2024SIR0004224,1/3/24,date1
4,2024SIR0004224,1/4/24,date2
5,2024SIR0004281,1/5/24,date1
5,2024SIR0004281,1/6/24,date2
6,2024SIR000434,1/8/24,date1
7,2024SIR0004366,1/8/24,date1
7,2024SIR0004366,1/9/24,date2
8,2024SIR0004392,1/9/24,date1
9,2024SIR0004444,1/10/24,date1
10,2024SIR0004536,1/11/24,date1
10,2024SIR0004536,1/12/24,date2
11,2024SIR0004569/ 2024SIR0004541,1/11/24,date1
11,2024SIR0004569/ 2024SIR0004541,1/12/24,date2
12,2024SIR0004582,1/12/24,date1
13,2024SIR0004607,1/12/24,date1
13,2024SIR0004607,1/13/24,date2
14,2024SIR0004621,1/13/24,date1
14,2024SIR0004621,1/14/24,date2
15,2024SIR0004630,1/15/24,date1
16,2024SIR0004679,1/15/24,date1
16,2024SIR0004679,1/16/24,date2
17,2024SIR0004706,1/16/24,date1
17,2024SIR0004706,1/17/24,date2
18,2024SIR0004687,1/16/24,date1
18,2024SIR0004687,1/17/24,date2
19,2024SIR0004703,1/16/24,date1
19,2024SIR0004703,1/17/24,date2
20,2024SIR0004695,1/16/24,date1
20,2024SIR0004695,1/17/24,date2
21,2024SIR0004747,1/17/24,date1
21,2024SIR0004747,1/18/24,date2
22,2024SIR0004772,1/17/24,date1
22,2024SIR0004772,1/18/24,date2
23,2024SIR0004830,1/19/24,date1
23,2024SIR0004830,1/20/24,date2
24,2024SIR0004882,1/20/24,date1
25,2024SIR0004890,1/19/24,date1
25,2024SIR0004890,1/20/24,date2
26,2024SIR0004911,1/20/24,date1
26,2024SIR0004911,1/21/24,date2
27,2024SIR0004963,1/22/24,date1
28,2024SIR0004924,1/21/24,date1
28,2024SIR0004924,1/22/24,date2
29,2024SIR0009241,4/12/24,date1
30,2024SIR0009292,4/12/24,date1
30,2024SIR0009292,4/13/24,date2
31,2024SIR0009381,4/15/24,date1
32,2024SIR0009397,4/15/24,date1
32,2024SIR0009397,4/16/24,date2
33,2024SIR0009404,4/15/24,date1
33,2024SIR0009404,4/16/24,date2
34,2024SIR0009366,4/16/24,date1
35,2024SIR0009386,4/15/24,date1
35,2024SIR0009386,4/16/24,date2
36,2024SIR0009501,4/17/24,date1
36,2024SIR0009501,4/18/24,date2
37,2024SIR0009659,4/19/24,date1
37,2024SIR0009659,4/20/24,date2
38,2024SIR0009668,4/20/24,date1
39,2024SIR0009643,4/19/24,date1
39,2024SIR0009643,4/20/24,date2
40,2024SIR0009820,4/23/24,date1
40,2024SIR0009820,4/24/24,date2
41,2024SIR0009824,4/23/24,date1
41,2024SIR0009824,4/24/24,date2
42,2024SIR0009892,4/24/24,date1
42,2024SIR0009892,4/25/24,date2
43,2024SIR0010028,4/26/24,date1
43,2024SIR0010028,4/27/24,date2
44,2024SIR0010026,4/26/24,date1
44,2024SIR0010026,4/27/24,date2
45,2024SIR0010037,4/26/24,date1
45,2024SIR0010037,4/27/24,date2
46,2024SIR0010065,4/28/24,date1
46,2024SIR0010065,4/29/24,date2
47,2024SIR0010235,4/30/24,date1
47,2024SIR0010235,5/1/24,date2
48,2024SIR0010176,4/30/24,date1
48,2024SIR0010176,5/1/24,date2
49,2024SIR0010361,5/3/24,date1
50,2024SIR0010382,5/4/24,date1
50,2024SIR0010382,5/5/24,date2
51,2024SIR0010367,5/3/24,date1
51,2024SIR0010367,5/5/24,date2
52,2024SIR0010381,5/5/24,date1
53,2024SIR0010373,5/4/24,date1
53,2024SIR0010373,5/5/24,date2
54,2024SIR0010432,5/6/24,date1
55,2024SIR0010403,5/5/24,date1
55,2024SIR0010403,5/6/24,date2
56,2024SIR0010454,5/6/24,date1
56,2024SIR0010454,5/7/24,date2
57,2024SIR0006425,2/18/24,date1
58,2024SIR0006413,2/18/24,date1
59,2024SIR0006487,2/20/24,date1
60,2024SIR0006450,2/19/24,date1
60,2024SIR0006450,2/20/24,date2
61,2024SIR0006508,2/18/24,date1
61,2024SIR0006508,2/20/24,date2
62,2024SIR0006526,2/18/24,date1
62,2024SIR0006526,2/21/24,date2
63,2024SIR0006563,2/20/24,date1
63,2024SIR0006563,2/21/24,date2
64,2024SIR0006543 / 2024SIR0006549,2/21/24,date1
65,2024SIR0006605,2/22/24,date1
66,2024SIR0006741,2/24/24,date1
67,2024SIR0006757,2/24/24,date1
67,2024SIR0006757,2/25/24,date2
67,2024SIR0006757,2/25/24,date3
68,2024SIR0006837,2/26/24,date1
68,2024SIR0006837,2/27/24,date2
69,2024SIR0006827,2/26/24,date1
69,2024SIR0006827,2/27/24,date2
70,2024SIR0006852,2/26/24,date1
70,2024SIR0006852,2/27/24,date2
71,2024SIR0006918,2/26/24,date1
71,2024SIR0006918,2/28/24,date2
72,2024SIR0006920,2/27/24,date1
72,2024SIR0006920,2/28/24,date2
73,2024SIR0006883,2/26/24,date1
73,2024SIR0006883,2/28/24,date2
74,2024SIR0006958,2/28/24,date1
74,2024SIR0006958,2/29/24,date2
75,2024SIR0007031,2/28/24,date1
75,2024SIR0007031,2/29/24,date2
76,2024SIR0006996,2/28/24,date1
76,2024SIR0006996,2/29/24,date2
77,2024SIR0007062,2/29/24,date1
77,2024SIR0007062,3/1/24,date2
78,2024SIR0007137,3/2/24,date1
79,2024SIR0007147,3/1/24,date1
80,2024SIR0007207,3/4/24,date1
81,2024SIR0007252,3/4/24,date1
81,2024SIR0007252,3/5/24,date2
82,2024SIR0007314,3/5/24,date1
82,2024SIR0007314,3/6/24,date2
83,,3/6/24,date1
83,,3/7/24,date2
84,2024SIR0007518,3/7/24,date1
84,2024SIR0007518,3/10/24,date2
85,2024SIR0007537,3/9/24,date1
85,2024SIR0007537,3/10/24,date2
86,2024SIR0007550,3/10/24,date1
86,2024SIR0007550,3/11/24,date2
87,2024SIR0007648,3/12/24,date1
87,2024SIR0007648,3/13/24,date2
88,2024SIR0007788,3/14/24,date1
89,2024SIR0007857,3/15/24,date1
90,2024SIR0007796,3/13/24,date1
90,2024SIR0007796,3/15/24,date2
91,2024SIR0007861,3/14/24,date1
91,2024SIR0007861,3/15/24,date2
92,2024SIR0007831,3/14/24,date1
92,2024SIR0007831,3/15/24,date2
93,2024SIR0005027,1/23/24,date1
94,2024SIR0005068,1/23/24,date1
94,2024SIR0005068,1/24/24,date2
95,2024SIR0005111,1/24/24,date1
95,2024SIR0005111,1/25/24,date2
96,2024SIR0005208,1/26/24,date1
96,2024SIR0005208,1/26/24,date2
97,2024SIR0005196,1/25/24,date1
97,2024SIR0005196,1/26/24,date2
98,2024SIR0005229,1/25/24,date1
98,2024SIR0005229,1/26/24,date2
99,2024SIR0005266,1/26/24,date1
99,2024SIR0005266,1/27/24,date2
100,2024SIR0005278,1/27/24,date1
100,2024SIR0005278,1/28/24,date2
101,2024SIR0005277,1/27/24,date1
101,2024SIR0005277,1/28/24,date2
102,2024SIR0005311,1/28/24,date1
102,2024SIR0005311,1/29/24,date2
103,2024SIR0005300,1/28/24,date1
103,2024SIR0005300,1/29/24,date2
104,2024SIR0005332,1/28/24,date1
104,2024SIR0005332,1/29/24,date2
105,2024SIR0005345,1/26/24,date1
105,2024SIR0005345,1/30/24,date2
106,2024SIR0005537,1/31/24,date1
106,2024SIR0005537,2/1/24,date2
107,2024SIR0005542,2/1/24,date1
107,2024SIR0005542,2/2/24,date2
108,2024SIR0005631,2/2/24,date1
108,2024SIR0005631,2/3/24,date2
109,2024SIR0005637,2/2/24,date1
109,2024SIR0005637,2/3/24,date2
110,2024SIR0005693,2/5/24,date1
111,2024SIR0005731,2/6/24,date1
112,2024SIR0005713,2/6/24,date1
113,2024STR0005725,2/5/24,date1
113,2024STR0005725,2/6/24,date2
114,2024SIR0005779,2/6/24,date1
114,2024SIR0005779,2/7/24,date2
115,2024SIR0005802,2/6/24,date1
115,2024SIR0005802,2/7/24,date2
116,2024SIR0005798,2/6/24,date1
116,2024SIR0005798,2/7/24,date2
117,2024SIR0005855,2/7/24,date1
117,2024SIR0005855,2/8/24,date2
118,2024SIR0005872,2/7/24,date1
118,2024SIR0005872,2/8/24,date2
119,2024SIR0005973,2/9/24,date1
120,2024SIR0005949,2/8/24,date1
120,2024SIR0005949,2/9/24,date2
121,2024SIR0005927,2/8/24,date1
121,2024SIR0005927,2/9/24,date2
122,2024SIR0006091,2/11/24,date1
122,2024SIR0006091,2/12/24,date2
123,2024SIR0006108,2/12/24,date1
124,2024SIR0006107,2/12/24,date1
125,2024SIR0006208,2/13/24,date1
125,2024SIR0006208,2/14/24,date2
126,2024SIR0011909,6/4/24,date1
126,2024SIR0011909,6/5/24,date2
127,2024SIR0011880,6/4/24,date1
127,2024SIR0011880,6/5/24,date2
128,2024SIR0011980,6/6/24,date1
129,2024SIR0012025,6/6/24,date1
129,2024SIR0012025,6/7/24,date2
130,2024SIR0012009,6/6/24,date1
130,2024SIR0012009,6/7/24,date2
131,2024SIR0012001,6/6/24,date1
131,2024SIR0012001,6/7/24,date2
132,2024SIR0012064,6/7/24,date1
132,2024SIR0012064,6/9/24,date2
133,2024SIR0012127,6/9/24,date1
133,2024SIR0012127,6/10/24,date2
134,2024SIR0012176,6/10/24,date1
134,2024SIR0012176,6/11/24,date2
135,2024SIR0012177,6/10/24,date1
135,2024SIR0012177,6/11/24,date2
136,2024SIR0012254,6/11/24,date1
136,2024SIR0012254,6/12/24,date2
137,2024SIR0012255,6/11/24,date1
137,2024SIR0012255,6/12/24,date2
138,2024SIR0012284,6/12/24,date1
138,2024SIR0012284,6/13/24,date2
139,2024SIR0012367,6/12/24,date1
139,2024SIR0012367,6/14/24,date2
140,2024SIR0012406,6/13/24,date1
140,2024SIR0012406,6/14/24,date2
141,2024SIR0012378/2024SIR0012377,6/13/24,date1
141,2024SIR0012378/2024SIR0012377,6/14/24,date2
142,2024SIR0012410,6/13/24,date1
142,2024SIR0012410,6/14/24,date2
143,2024SIR0012416,6/14/24,date1
144,2024SIR0012509,6/17/24,date1
145,2024SIR0012478,6/15/24,date1
145,2024SIR0012478,6/17/24,date2
146,2024SIR0012572,6/18/24,date1
147,2024SIR0012590,6/18/24,date1
147,2024SIR0012590,6/19/24,date2
148,2024SIR0012651,6/20/24,date1
149,2024SIR0012586,6/18/24,date1
149,2024SIR0012586,6/20/24,date2
150,2024SIR0012752,6/21/24,date1
150,2024SIR0012752,6/22/24,date2
151,2024SIR0012780,6/23/24,date1
152,2024SIR0012765,6/22/24,date1
152,2024SIR0012765,6/23/24,date2
153,2024SIR0012801,6/23/24,date1
153,2024SIR0012801,6/24/24,date2
154,2024SIR0012796,6/23/24,date1
154,2024SIR0012796,6/24/24,date2
155,2024SIR0012792,6/23/24,date1
155,2024SIR0012792,6/24/24,date2
156,2024SIR0012879,6/24/24,date1
156,2024SIR0012879,6/25/24,date2
157,2024SIR0012849,6/24/24,date1
157,2024SIR0012849,6/25/24,date2
158,2024SIR0012902,6/26/24,date1
159,2024SIR0012977,6/26/24,date1
159,2024SIR0012977,6/27/24,date2
160,2024SIR0012949,6/26/24,date1
160,2024SIR0012949,6/27/24,date2
161,2024SIR0013083,6/28/24,date1
161,2024SIR0013083,6/29/24,date2
162,2024SIR0013082,6/28/24,date1
162,2024SIR0013082,6/29/24,date2
163,2024SIR0013090,6/29/24,date1
164,2024SIR0007952,3/17/24,date1
164,2024SIR0007952,3/18/24,date2
165,2024SIR0007978,3/18/24,date1
165,2024SIR0007978,3/19/24,date2
166,2024SIR0008021,3/18/24,date1
166,2024SIR0008021,3/20/24,date2
167,2024SIR0008048,3/20/24,date1
168,2024SIR0008095,3/19/24,date1
168,2024SIR0008095,3/21/24,date2
169,2024SIR0008098,3/20/24,date1
169,2024SIR0008098,3/21/24,date2
170,2024SIR0008220,3/21/24,date1
170,2024SIR0008220,3/22/24,date2
171,2024SIR0008096,3/20/24,date1
171,2024SIR0008096,3/22/24,date2
172,2024SIR0008267,3/22/24,date1
172,2024SIR0008267,3/23/24,date2
173,2024SIR0008278,3/22/24,date1
173,2024SIR0008278,3/24/24,date2
174,2024SIR0008289,3/23/24,date1
174,2024SIR0008289,3/24/24,date2
175,2024SIR0008285,3/23/24,date1
175,2024SIR0008285,3/24/24,date2
176,2024SIR0008328,3/25/24,date1
177,2024SIR0008290,3/24/24,date1
177,2024SIR0008290,3/25/24,date2
178,2024SIR0008321,3/25/24,date1
178,2024SIR0008321,3/26/24,date2
179,2024SIR0008335,3/25/24,date1
179,2024SIR0008335,3/26/24,date2
180,2024SIR0008348,3/25/24,date1
180,2024SIR0008348,3/26/24,date2
181,2024SIR0008452,3/27/24,date1
182,2024SIR0008454,3/26/24,date1
182,2024SIR0008454,3/27/24,date2
183,2024SIR0008547,3/28/24,date1
184,2024SIR0008572,3/28/24,date1
184,2024SIR0008572,3/29/24,date2
185,2024SIR0008612,3/30/24,date1
186,2024SIR0008632,3/31/24,date1
187,2024SIR0008623,3/30/24,date1
187,2024SIR0008623,3/31/24,date2
188,2024SIR0008616,3/30/24,date1
188,2024SIR0008616,3/31/24,date2
189,2024SIR0008617,3/30/24,date1
189,2024SIR0008617,3/31/24,date2
190,2024SIR0008619,3/30/24,date1
190,2024SIR0008619,3/31/24,date2
191,2024SIR0008621,3/30/24,date1
191,2024SIR0008621,3/31/24,date2
192,2024SIR0008627,3/30/24,date1
192,2024SIR0008627,3/31/24,date2
193,2024SIR0008626,3/30/24,date1
193,2024SIR0008626,3/31/24,date2
194,2024SIR0008631,3/30/24,date1
194,2024SIR0008631,3/31/24,date2
195,2024SIR0008628,3/31/24,date1
196,2024SIR0008637,3/31/24,date1
196,2024SIR0008637,4/1/24,date2
197,2024SIR0008649,3/29/24,date1
197,2024SIR0008649,4/1/24,date2
198,2024SIR0008710,4/1/24,date1
198,2024SIR0008710,4/2/24,date2
199,2024SIR0008775,4/2/24,date1
199,2024SIR0008775,4/3/24,date2
200,2024SIR0008847,4/3/24,date1
200,2024SIR0008847,4/4/24,date2
201,2024SIR0008824,4/3/24,date1
201,2024SIR0008824,4/4/24,date2
202,2024SIR0008822,4/3/24,date1
202,2024SIR0008822,4/4/24,date2
203,2024SIR0008831,4/3/24,date1
203,2024SIR0008831,4/4/24,date2
204,2024SIR0008869,4/5/24,date1
205,2024SIR0008936,4/5/24,date1
205,2024SIR0008936,4/6/24,date2
206,2024SIR0008966,4/6/24,date1
206,2024SIR0008966,4/7/24,date2
207,2024SIR0008968,4/6/24,date1
207,2024SIR0008968,4/7/24,date2
208,2024SIR0008834,4/4/24,date1
208,2024SIR0008834,4/8/24,date2
209,2024SIR0008982,4/7/24,date1
209,2024SIR0008982,4/8/24,date2
210,2024SIR0009074,4/8/24,date1
210,2024SIR0009074,4/9/24,date2
211,2024SIR0009077,4/8/24,date1
211,2024SIR0009077,4/9/24,date2
212,2024SIR0009067,4/8/24,date1
212,2024SIR0009067,4/9/24,date2
213,2024SIR0009116,4/9/24,date1
213,2024SIR0009116,4/10/24,date2
214,2024SIR0009085,4/8/24,date1
214,2024SIR0009085,4/10/24,date2
215,2024SIR0009132,4/9/24,date1
215,2024SIR0009132,4/10/24,date2
216,2024SIR0009204/2024SIR0009220,4/10/24,date1
216,2024SIR0009204/2024SIR0009220,4/11/24,date2
217,2024SIR0010608,5/8/24,date1
217,2024SIR0010608,5/10/24,date2
218,2024SIR0010694,5/10/24,date1
219,2024SIR0010684,5/10/24,date1
220,2024SIR0010733,5/11/24,date1
220,2024SIR0010733,5/12/24,date2
221,2024SIR0010780,5/13/24,date1
222,2024SIR0010769,5/12/24,date1
222,2024SIR0010769,5/13/24,date2
223,2024SIR0010758,5/12/24,date1
223,2024SIR0010758,5/13/24,date2
224,2024SIR0010785,5/13/24,date1
225,2024SIR0010845,5/14/24,date1
226,2024SIR0010900,5/15/24,date1
227,2024SIR0010914,5/15/24,date1
228,2024SIR0010921,5/15/24,date1
228,2024SIR0010921,5/16/24,date2
229,2024SIR0010961,5/16/24,date1
230,2024SIR0011038,5/16/24,date1
230,2024SIR0011038,5/17/24,date2
231,2024SIR0010994,5/16/24,date1
231,2024SIR0010994,5/17/24,date2
232,2024SIR0011067,5/17/24,date1
232,2024SIR0011067,5/18/24,date2
233,2024SIR0011140,5/18/24,date1
233,2024SIR0011140,5/21/24,date2
234,2024SIR0011193,5/20/24,date1
234,2024SIR0011193,5/21/24,date2
235,2024SIR0011142,5/20/24,date1
235,2024SIR0011142,5/21/24,date2
236,2024SIR0011221,5/22/24,date1
237,2024SIR0011232,5/21/24,date1
237,2024SIR0011232,5/22/24,date2
238,2024SIR0011196,5/21/24,date1
238,2024SIR0011196,5/22/24,date2
239,2024SIR0011308,5/22/24,date1
239,2024SIR0011308,5/23/24,date2
240,2024SIR0011273,5/22/24,date1
240,2024SIR0011273,5/23/24,date2
241,2024SIR0011390,5/23/24,date1
241,2024SIR0011390,5/24/24,date2
242,2024SIR0011407,5/24/24,date1
243,2024SIR0011460,5/26/24,date1
243,2024SIR0011460,5/27/24,date2
244,2024SIR0011492,5/28/24,date1
245,2024SIR0011516,5/27/24,date1
245,2024SIR0011516,5/28/24,date2
246,2024SIR0011635,5/29/24,date1
246,2024SIR0011635,5/30/24,date2
247,2024SIR0011672,5/30/24,date1
247,2024SIR0011672,5/31/24,date2
248,2024SIR0011660,5/30/24,date1
248,2024SIR0011660,5/31/24,date2
249,2024SIR0011742,6/1/24,date1
249,2024SIR0011742,6/2/24,date2
250,2024SIR0011762,6/2/24,date1
250,2024SIR0011762,6/3/24,date2
251,2024SIR0011784,6/3/24,date1
252,2024SIR0011817,6/4/24,date1
253,2024SIR0013216,7/1/24,date1
253,2024SIR0013216,7/2/24,date2
254,2024SIR0013341,7/5/24,date1
255,2024SIR0013306,7/4/24,date1
256,2024SIR0013333,6/29/24,date1
256,2024SIR0013333,7/5/24,date2
257,2024SIR0013337,7/4/24,date1
257,2024SIR0013337,7/5/24,date2
258,2024SIR0013233,7/2/24,date1
258,2024SIR0013233,7/5/24,date2
259,2024SIR0013281,7/3/24,date1
259,2024SIR0013281,7/5/24,date2
260,2024SIR0013369,7/7/24,date1
261,2024SIR0013439,7/8/24,date1
261,2024SIR0013439,7/9/24,date2
262,2024SIR0013431,7/8/24,date1
262,2024SIR0013431,7/9/24,date2
263,2024SIR0013479,7/9/24,date1
264,2024SIR0013504,7/9/24,date1
264,2024SIR0013504,7/10/24,date2
265,2024SIR0013530,7/10/24,date1
266,2024SIR0013495,7/9/24,date1
266,2024SIR0013495,7/10/24,date2
267,2024SIR0013511,7/9/24,date1
267,2024SIR0013511,7/10/24,date2
268,2024SIR0013467,7/9/24,date1
268,2024SIR0013467,7/10/24,date2
269,2024SIR0013573,7/10/24,date1
269,2024SIR0013573,7/11/24,date2
270,2024SIR0013603,7/10/24,date1
270,2024SIR0013603,7/11/24,date2
271,2024SIR0013571,7/11/24,date1
272,2024SIR0013603,7/11/24,date1
272,2024SIR0013603,7/12/24,date2
273,2024SIR0013760,7/15/24,date1
274,2024SIR0013824,7/16/24,date1
275,2024SIR0013791,7/15/24,date1
275,2024SIR0013791,7/16/24,date2
276,2024SIR0013800,7/15/24,date1
276,2024SIR0013800,7/16/24,date2
277,2024SIR0013853,7/15/24,date1
277,2024SIR0013853,7/17/24,date2
278,2024SIR0013866,7/16/24,date1
278,2024SIR0013866,7/17/24,date2
279,2024SIR0013845,7/15/24,date1
279,2024SIR0013845,7/17/24,date2
280,2024SIR0013887,7/16/24,date1
280,2024SIR0013887,7/17/24,date2
281,2024SIR0013865,7/16/24,date1
281,2024SIR0013865,7/17/24,date2
282,2024SIR0013928,7/17/24,date1
282,2024SIR0013928,7/18/24,date2
283,2024SIR0013956,7/17/24,date1
283,2024SIR0013956,7/18/24,date2
284,2024SIR0013945,7/17/24,date1
284,2024SIR0013945,7/18/24,date2
285,2024SIR0014012,7/18/24,date1
285,2024SIR0014012,7/19/24,date2
286,2024SIR0014028,7/19/24,date1
287,2024SIR0013984,7/18/24,date1
287,2024SIR0013984,7/19/24,date2
288,2024SIR0014041,7/19/24,date1
288,2024SIR0014041,7/20/24,date2
289,2024SIR0014036,7/20/24,date1
290,2024SIR0014062,7/20/24,date1
290,2024SIR0014062,7/21/24,date2
291,2024SIR0014101,7/22/24,date1
292,2024SIR0014072,7/20/24,date1
292,2024SIR0014072,7/22/24,date2
293,2024SIR0014090,7/21/24,date1
293,2024SIR0014090,7/22/24,date2
294,2024SIR0014173,7/22/24,date1
294,2024SIR0014173,7/23/24,date2
295,2024SIR0014165,7/23/24,date1
296,2024SIR0014137,7/23/24,date1
297,2024SIR0014210,7/23/24,date1
297,2024SIR0014210,7/24/24,date2
298,2024SIR0014312,7/23/24,date1
298,2024SIR0014312,7/25/24,date2
299,2024SIR0014278,7/25/24,date1
300,2024SIR0014356,7/25/24,date1
300,2024SIR0014356,7/26/24,date2
301,2024SIR0014322,7/25/24,date1
301,2024SIR0014322,7/26/24,date2
302,2024SIR0014387,7/26/24,date1
302,2024SIR0014387,7/27/24,date2
303,2024SIR0014386,7/26/24,date1
303,2024SIR0014386,7/27/24,date2
304,2024SIR0014460,7/28/24,date1
304,2024SIR0014460,7/29/24,date2
305,2024SIR0014448,7/28/24,date1
305,2024SIR0014448,7/29/24,date2
306,2024SIR0014450,7/29/24,date1
307,2024SIR0014466,7/28/24,date1
307,2024SIR0014466,7/29/24,date2
308,2024SIR0014519,7/29/24,date1
308,2024SIR0014519,7/30/24,date2
309,2024SIR0014510,7/29/24,date1
309,2024SIR0014510,7/30/24,date2
310,2024SIR0014488,7/28/24,date1
310,2024SIR0014488,7/30/24,date2
311,2024SIR0014584,7/31/24,date1
311,2024SIR0014584,8/1/24,date2
312,2024SIR0014586,7/31/24,date1
312,2024SIR0014586,8/1/24,date2
313,2024SIR0014645,7/31/24,date1
313,2024SIR0014645,8/1/24,date2
314,2024SIR0014664,8/1/24,date1
314,2024SIR0014664,8/2/24,date2
315,2024SIR0014727,8/3/24,date1
316,2024SIR0014744,8/3/24,date1
316,2024SIR0014744,8/4/24,date2
317,2024SIR0014776,8/5/24,date1
318,2024SIR0014792,8/4/24,date1
318,2024SIR0014792,8/5/24,date2
319,2024SIR0014877,8/7/24,date1
320,2024SIR0014874,8/6/24,date1
321,2024SIR0014888,8/6/24,date1
321,2024SIR0014888,8/8/24,date2
322,2024SIR0014893,8/7/24,date1
322,2024SIR0014893,8/8/24,date2
323,2024SIR0014914,8/7/24,date1
323,2024SIR0014914,8/8/24,date2
324,2024SIR0015028/2024SIR005032,8/8/24,date1
324,2024SIR0015028/2024SIR005032,8/9/24,date2
325,2024SIR0015053,8/8/24,date1
325,2024SIR0015053,8/10/24,date2
326,2024SIR0015092,8/10/24,date1
326,2024SIR0015092,8/11/24,date2
327,2024SIR0015091,8/11/24,date1
328,2024SIR0015096,8/10/24,date1
328,2024SIR0015096,8/11/24,date2
329,2024SIR0015104,8/11/24,date1
329,2024SIR0015104,8/12/24,date2
330,2024SIR0015159,8/11/24,date1
330,2024SIR0015159,8/13/24,date2
331,2024SIR0015155,8/11/24,date1
331,2024SIR0015155,8/13/24,date2
332,2024SIR0015148,8/13/24,date1
333,2024SIR0015216,8/14/24,date1
334,2024SIR0015213,8/13/24,date1
334,2024SIR0015213,8/14/24,date2
335,2024SIR0015250,8/14/24,date1
335,2024SIR0015250,8/15/24,date2
336,2024SIR0015270,8/14/24,date1
336,2024SIR0015270,8/15/24,date2
337,2024SIR0015387,8/17/24,date1
338,2024SIR0015379,8/16/24,date1
338,2024SIR0015379,8/17/24,date2
339,2024SIR0015413,8/18/24,date1
340,2024SIR0015400,8/17/24,date1
340,2024SIR0015400,8/18/24,date2
341,2024SIR0015399,8/17/24,date1
341,2024SIR0015399,8/18/24,date2
342,2024SIR0015432,8/18/24,date1
342,2024SIR0015432,8/19/24,date2
343,2024SIR0015463,8/19/24,date1
343,2024SIR0015463,8/20/24,date2
344,2024SIR0017195,9/26/24,date1
345,2024SIR0017268,9/26/24,date1
345,2024SIR0017268,9/27/24,date2
346,2024SIR0017330,9/28/24,date1
346,2024SIR0017330,9/29/24,date2
347,2024SIR0017340,9/28/24,date1
347,2024SIR0017340,9/29/24,date2
348,2024SIR0017374,9/30/24,date1
349,2024SIR0017379,9/28/24,date1
349,2024SIR0017379,9/30/24,date2
350,2025SIR0000030,9/29/24,date1
350,2025SIR0000030,10/1/24,date2
351,2025SIR0000129,10/1/24,date1
351,2025SIR0000129,10/2/24,date2
352,2025SIR0000102,10/1/24,date1
352,2025SIR0000102,10/2/24,date2
353,2025SIR0000053,10/1/24,date1
353,2025SIR0000053,10/2/24,date2
354,2025SIR0000094,10/2/24,date1
355,2025SIR0000128,10/1/24,date1
355,2025SIR0000128,10/2/24,date2
356,2025SIR0000164,10/1/24,date1
356,2025SIR0000164,10/3/24,date2
357,2025SIR00000207,10/1/24,date1
357,2025SIR00000207,10/3/24,date2
358,2025SIR0000140,10/2/24,date1
358,2025SIR0000140,10/4/24,date2
359,2024SIR0017269,10/3/24,date1
359,2024SIR0017269,10/4/24,date2
360,2025SIRO000290,10/4/24,date1
360,2025SIRO000290,10/5/24,date2
361,2025SIR0000291,10/4/24,date1
361,2025SIR0000291,10/5/24,date2
362,2025SIR0000294,10/5/24,date1
363,2025SIR0000336,10/6/24,date1
363,2025SIR0000336,10/7/24,date2
364,2025SIR0000320,10/6/24,date1
364,2025SIR0000320,10/7/24,date2
365,2025SIR0000379,10/8/24,date1
366,2025SIR0000365,10/8/24,date1
367,2025SIR0000394,10/8/24,date1
368,2025SIR0000443,10/8/24,date1
368,2025SIR0000443,10/9/24,date2
369,2025SIR0000471,10/8/24,date1
369,2025SIR0000471,10/10/24,date2
370,2025SIRO000496,10/9/24,date1
370,2025SIRO000496,10/10/24,date2
371,2025SIR0000575,10/10/24,date1
372,2025SIR0000654,10/12/24,date1
372,2025SIR0000654,10/13/24,date2
373,2025SIR0000648,10/12/24,date1
373,2025SIR0000648,10/13/24,date2
374,2025SIR0000676,10/14/24,date1
375,2025SIR0000672,10/14/24,date1
376,2025SIR0000667,10/13/24,date1
376,2025SIR0000667,10/14/24,date2
377,2025SIR0000674,10/14/24,date1
377,2025SIR0000674,10/15/24,date2
378,2025SIR0000778,10/16/24,date1
379,2025SIR0000765,10/15/24,date1
379,2025SIR0000765,10/16/24,date2
380,2025SIR0000732,10/15/24,date1
380,2025SIR0000732,10/16/24,date2
381,2025SIR0000727,10/15/24,date1
381,2025SIR0000727,10/16/24,date2
382,2025SIR0000779,10/15/24,date1
382,2025SIR0000779,10/16/24,date2
383,2025SIR0000790,10/15/24,date1
383,2025SIR0000790,10/17/24,date2
384,2025SIR0000820,10/16/24,date1
384,2025SIR0000820,10/17/24,date2
385,2025SIR0000802,10/16/24,date1
385,2025SIR0000802,10/17/24,date2
386,2025SIR0000824,10/16/24,date1
386,2025SIR0000824,10/17/24,date2
387,2025SIR0000833,10/16/24,date1
387,2025SIR0000833,10/17/24,date2
388,2025SIR0000878,10/17/24,date1
388,2025SIR0000878,10/18/24,date2
389,2025SIR0000887,10/17/24,date1
389,2025SIR0000887,10/18/24,date2
390,2025SIR0000829,10/16/24,date1
390,2025SIR0000829,10/18/24,date2
391,2025SIR0000936,10/18/24,date1
391,2025SIR0000936,10/19/24,date2
392,2025SIR0000952,10/19/24,date1
392,2025SIR0000952,10/20/24,date2
393,2025SIR0000943,10/19/24,date1
393,2025SIR0000943,10/21/24,date2
394,2025SIR0000998,10/21/24,date1
395,2025SIR0001129,10/23/24,date1
396,2025SIR0001095,10/23/24,date1
397,2025SIR0001220,10/24/24,date1
397,2025SIR0001220,10/25/24,date2
398,2025SIR0001222,10/24/24,date1
398,2025SIR0001222,10/25/24,date2
399,2025SIR0001258,10/24/24,date1
399,2025SIR0001258,10/25/24,date2
400,2025SIR0001238,10/25/24,date1
401,2025SIR0001237,10/25/24,date1
402,2025SIR0001260,10/25/24,date1
403,2025SIR0001275,10/25/24,date1
403,2025SIR0001275,10/26/24,date2
404,2025SIR0001276,10/25/24,date1
404,2025SIR0001276,10/26/24,date2
405,2025SIR0001297,10/26/24,date1
405,2025SIR0001297,10/27/24,date2
406,2025SIR0001326,10/27/24,date1
406,2025SIR0001326,10/28/24,date2
407,2025SIR0001560,10/30/24,date1
407,2025SIR0001560,10/31/24,date2
408,2025SIR0001631,11/2/24,date1
409,2025SIR0001639,11/2/24,date1
409,2025SIR0001639,11/3/24,date2
410,2025SIR0001647,11/3/24,date1
411,2025SIR0001682,11/3/24,date1
411,2025SIR0001682,11/4/24,date2
412,2025SIR0001677,11/4/24,date1
413,2025SIR0001665,11/3/24,date1
413,2025SIR0001665,11/4/24,date2
414,2025SIR0001733,11/3/24,date1
414,2025SIR0001733,11/5/24,date2
415,2025SIR0001738,11/5/24,date1
416,2025SIR0001729,11/4/24,date1
416,2025SIR0001729,11/5/24,date2
417,2025SIR0001784,11/5/24,date1
417,2025SIR0001784,11/6/24,date2
418,2025SIR0001753,11/4/24,date1
418,2025SIR0001753,11/6/24,date2
419,2025SIR0001749,11/5/24,date1
419,2025SIR0001749,11/6/24,date2
420,2025SIR0001833,11/7/24,date1
421,2025SIR0001816,11/5/24,date1
421,2025SIR0001816,11/7/24,date2
422,2025SIR0001867,11/7/24,date1
422,2025SIR0001867,11/8/24,date2
423,2025STR0001867,11/7/24,date1
423,2025STR0001867,11/8/24,date2
424,2025SIR0001850,11/1/24,date1
424,2025SIR0001850,11/8/24,date2
425,2025SIR0001968,11/9/24,date1
425,2025SIR0001968,11/10/24,date2
426,2025SIR0001949,11/9/24,date1
426,2025SIR0001949,11/10/24,date2
427,2025SIR0001946,11/9/24,date1
427,2025SIR0001946,11/10/24,date2
428,2024SIR0015619,8/21/24,date1
428,2024SIR0015619,8/22/24,date2
429,2024SIR0015664,8/23/24,date1
430,2024SIR0015728,8/22/24,date1
431,2024SIR0015761,8/24/24,date1
431,2024SIR0015761,8/26/24,date2
432,2024SIR0015852,8/27/24,date1
432,2024SIR0015852,8/28/24,date2
433,2024SIR0015870,8/27/24,date1
433,2024SIR0015870,8/28/24,date2
434,2024SIR0015915,8/27/24,date1
434,2024SIR0015915,8/28/24,date2
435,2024SIR0016091,9/1/24,date1
435,2024SIR0016091,9/2/24,date2
436,2024SIR0016124,9/1/24,date1
436,2024SIR0016124,9/3/24,date2
437,2024SIR0016107,9/2/24,date1
437,2024SIR0016107,9/3/24,date2
438,2024SIR0016155,9/3/24,date1
438,2024SIR0016155,9/4/24,date2
439,2024SIR0016195,9/5/24,date1
439,2024SIR0016195,9/5/24,date2
440,2024SIR0016288,9/6/24,date1
441,2024SIR0016252,9/5/24,date1
441,2024SIR0016252,9/6/24,date2
442,2024SIR0016285,8/28/24,date1
442,2024SIR0016285,9/5/24,date2
443,2024SIR0016329,9/6/24,date1
443,2024SIR0016329,9/7/24,date2
444,2024SIR0016345,9/7/24,date1
444,2024SIR0016345,9/8/24,date2
445,2024SIR0016365,9/8/24,date1
445,2024SIR0016365,9/9/24,date2
446,2024SIR0016434,9/10/24,date1
447,2024SIR0016397,9/9/24,date1
447,2024SIR0016397,9/10/24,date2
448,2024SIR0016461,9/10/24,date1
449,2024SIR0016487,9/11/24,date1
450,2024SIR0016652,9/13/24,date1
450,2024SIR0016652,9/14/24,date2
451,2024SIR0016657,9/13/24,date1
451,2024SIR0016657,9/14/24,date2
452,2024SIR0016663,9/13/24,date1
452,2024SIR0016663,9/14/24,date2
453,2024SIR0016673,9/14/24,date1
453,2024SIR0016673,9/15/24,date2
454,2024SIR0016678,9/14/24,date1
454,2024SIR0016678,9/15/24,date2
455,2024SIR0016685,9/15/24,date1
456,2024SIR0016686,9/15/24,date1
457,2024SIR0016731,9/16/24,date1
457,2024SIR0016731,9/17/24,date2
458,2024SIR0016735,9/16/24,date1
458,2024SIR0016735,9/17/24,date2
459,2024SIR0016773,9/16/24,date1
459,2024SIR0016773,9/17/24,date2
460,2024SIR0016720,9/16/24,date1
460,2024SIR0016720,9/17/24,date2
461,2024SIR0016747,9/16/24,date1
461,2024SIR0016747,9/17/24,date2
462,2024SIR0016810,9/16/24,date1
462,2024SIR0016810,9/18/24,date2
463,2024SIR0016787,9/17/24,date1
463,2024SIR0016787,9/18/24,date2
464,2024SIR0016857,9/18/24,date1
464,2024SIR0016857,9/19/24,date2
465,2024SIR0016957,9/20/24,date1
466,2024SIR0016975,9/20/24,date1
466,2024SIR0016975,9/21/24,date2
467,2024SIR0016977,9/21/24,date1
468,2024SIR0017005,9/23/24,date1
469,2024SIR0017074,9/24/24,date1
469,2024SIR0017074,9/25/24,date2
470,2024SIR0017056,9/23/24,date1
470,2024SIR0017056,9/25/24,date2
471,2025SIR0001978,11/10/24,date1
471,2025SIR0001978,11/11/24,date2
471,2025SIR0001978,11/11/24,date3
472,2025SIR0001988,11/10/24,date1
472,2025SIR0001988,11/11/24,date2
473,2025SIR0001985,11/10/24,date1
473,2025SIR0001985,11/11/24,date2
474,2025SIR0001992,11/11/24,date1
474,2025SIR0001992,11/12/24,date2
475,2025SIR0002007,11/11/24,date1
475,2025SIR0002007,11/12/24,date2
476,2025SIR0002050,11/12/24,date1
476,2025SIR0002050,11/13/24,date2
477,2025SIR0002079,11/12/24,date1
477,2025SIR0002079,11/13/24,date2
478,2025SIR0002156,11/14/24,date1
479,2025SIR0002112,11/13/24,date1
479,2025SIR0002112,11/14/24,date2
480,2025SIR0002120,11/13/24,date1
480,2025SIR0002120,11/14/24,date2
481,2025SIR0002178,11/14/24,date1
481,2025SIR0002178,11/15/24,date2
482,2025SIR0002235,11/15/24,date1
482,2025SIR0002235,11/16/24,date2
483,2025SIR0002252,11/16/24,date1
483,2025SIR0002252,11/17/24,date2
484,2025SIR0002260,11/16/24,date1
484,2025SIR0002260,11/17/24,date2
485,2025SIR0002261,11/17/24,date1
486,2025SIR0002309,11/18/24,date1
487,2025SIR0002281,11/17/24,date1
487,2025SIR0002281,11/18/24,date2
488,2025SIR0002292,11/17/24,date1
488,2025SIR0002292,11/18/24,date2
489,2025SIR0002361,11/19/24,date1
490,2025SIR0002352,11/18/24,date1
490,2025SIR0002352,11/19/24,date2
491,2025SIR0002334,11/18/24,date1
491,2025SIR0002334,11/19/24,date2
492,2025SIR0002441,11/18/24,date1
492,2025SIR0002441,11/20/24,date2
493,2025SIR0002387,11/19/24,date1
493,2025SIR0002387,11/20/24,date2
494,2025SIR0002506,11/21/24,date1
495,2025SIR0002475,11/20/24,date1
495,2025SIR0002475,11/21/24,date2
496,2025SIR0002519,11/20/24,date1
496,2025SIR0002519,11/21/24,date2
497,2025SIR0002483,11/20/24,date1
497,2025SIR0002483,11/21/24,date2
498,2025SIR0002620,11/23/24,date1
499,2025SIR0002618,11/22/24,date1
499,2025SIR0002618,11/23/24,date2
500,2025SIR0002622,11/22/24,date1
500,2025SIR0002622,11/23/24,date2
501,2025SIR0002617,11/22/24,date1
501,2025SIR0002617,11/23/24,date2
502,2025SIR0002624,11/23/24,date1
502,2025SIR0002624,11/24/24,date2
503,2025SIR0002627,11/23/24,date1
503,2025SIR0002627,11/24/24,date2
504,2025SIR0002650,11/23/24,date1
504,2025SIR0002650,11/24/24,date2
505,2025SIR0002646,11/23/24,date1
505,2025SIR0002646,11/24/24,date2
506,2025SIR0002634,11/23/24,date1
506,2025SIR0002634,11/24/24,date2
507,2025SIR0002636,11/23/24,date1
507,2025SIR0002636,11/24/24,date2
508,2025SIR0002737,11/26/24,date1
509,2025SIR0002799,11/26/24,date1
509,2025SIR0002799,11/27/24,date2
510,2025SIR0002800,11/27/24,date1
511,2025SIR0002824,11/27/24,date1
511,2025SIR0002824,11/28/24,date2
512,2025SIR0002859,11/29/24,date1
512,2025SIR0002859,11/30/24,date2
513,2025SIR0002836,11/28/24,date1
513,2025SIR0002836,11/30/24,date2
514,2025SIR0002875,11/30/24,date1
514,2025SIR0002875,12/1/24,date2
515,2025SIR0002902,12/1/24,date1
515,2025SIR0002902,12/2/24,date2
516,2025SIR0003023,12/3/24,date1
516,2025SIR0003023,12/4/24,date2
517,2025SIR0003063,11/30/24,date1
517,2025SIR0003063,12/4/24,date2
518,2025SIR0003082,12/4/24,date1
518,2025SIR0003082,12/5/24,date2
519,2025SIR0003137,11/6/24,date1
519,2025SIR0003137,12/5/24,date2
520,2025SIR0003168,12/6/24,date1
521,2025SIR0003174,12/5/24,date1
521,2025SIR0003174,12/6/24,date2
522,2025SIR0003204,12/6/24,date1
522,2025SIR0003204,12/7/24,date2
523,2025SIR0003213,12/6/24,date1
523,2025SIR0003213,12/7/24,date2
524,2025SIR0003234,12/7/24,date1
524,2025SIR0003234,12/8/24,date2
525,2025SIR0003353,12/9/24,date1
525,2025SIR0003353,12/10/24,date2
526,2025SIR0003336,12/9/24,date1
526,2025SIR0003336,12/10/24,date2
527,2025SIR0003422,12/11/24,date1
527,2025SIR0003422,12/11/24,date2
528,2025SIR0003504,12/11/24,date1
528,2025SIR0003504,12/12/24,date2
529,2025SIR0003505,12/12/24,date1
530,2025SIR0003430 / 2025SIR0003433 / 2025SIR0003445 / 2025SIR0003446 / 2025SIR0003447 / 2025SIR0003468,12/5/24,date1
530,2025SIR0003430 / 2025SIR0003433 / 2025SIR0003445 / 2025SIR0003446 / 2025SIR0003447 / 2025SIR0003468,12/12/24,date2
531,2025SIR0003566,12/13/24,date1
532,2025SIR0003580,12/13/24,date1
532,2025SIR0003580,12/14/24,date2
533,2025SIR0003581,12/13/24,date1
534,2025SIR0003643,12/15/24,date1
534,2025SIR0003643,12/16/24,date2
535,2025SIR0003699,12/16/24,date1
535,2025SIR0003699,12/17/24,date2
536,2025SIR0003846,12/18/24,date1
536,2025SIR0003846,12/19/24,date2
537,2025SIR0003842,12/19/24,date1
538,2025SIR0003953,12/21/24,date1
539,2025SIR0003979,12/22/24,date1
540,2025SIR0003962,12/21/24,date1
540,2025SIR0003962,12/22/24,date2
541,2025SIR0004014,12/23/24,date1
542,2025SIR0003993,12/22/24,date1
542,2025SIR0003993,12/23/24,date2
543,2025SIR0004059,12/24/24,date1
544,2025SIR0004071,12/24/24,date1
544,2025SIR0004071,12/25/24,date2
545,2025SIR0004067,12/24/24,date1
545,2025SIR0004067,12/25/24,date2
546,2025SIR0004119,12/27/24,date1
547,2025SIR0004115,12/27/24,date1
547,2025SIR0004115,12/28/24,date2
548,2025SIR0004136,12/29/24,date1
549,2025SIR0004132,12/28/24,date1
549,2025SIR0004132,12/29/24,date2
550,2025SIR0004167,12/30/24,date1
551,2025SIR0004163,12/30/24,date1
552,2025SIR0004196,12/30/24,date1
552,2025SIR0004196,12/31/24,date2
553,2025SIR0004185,12/30/24,date1
553,2025SIR0004185,12/31/24,date2
554,2025SIR0004213,12/31/24,date1
554,2025SIR0004213,1/1/25,date2
555,2025SIR0004211,12/31/24,date1
555,2025SIR0004211,1/1/25,date2
556,2025SIR0004228,1/1/25,date1
556,2025SIR0004228,1/2/25,date2
557,2025SIR0004277,12/31/24,date1
557,2025SIR0004277,1/3/25,date2
558,2025SIR0004285,1/3/25,date1
559,2025SIR0004288,1/2/25,date1
559,2025SIR0004288,1/3/25,date2
560,2025SIR0004289,1/3/25,date1
561,2025SIR0004296,1/3/25,date1
561,2025SIR0004296,1/4/25,date2
562,2025SIR0004294,1/3/25,date1
562,2025SIR0004294,1/4/25,date2
563,2025SIR0004304,1/3/25,date1
563,2025SIR0004304,1/4/25,date2
564,2025SIR0004316,1/4/25,date1
564,2025SIR0004316,1/5/25,date2
565,2025SIR0004342,1/6/25,date1
566,2025SIR0004352,1/6/25,date1
567,2025SIR0004410,1/7/25,date1
568,2025SIR0004368,1/7/24,date1
568,2025SIR0004368,1/6/25,date2
569,2025SIR0004376,1/6/25,date1
569,2025SIR0004376,1/7/25,date2
570,2025SIR0004417,1/7/25,date1
570,2025SIR0004417,1/8/25,date2
571,2025SIR0004443,1/7/25,date1
571,2025SIR0004443,1/8/25,date2
572,2025SIR0004444,1/7/25,date1
572,2025SIR0004444,1/8/25,date2
573,2025SIR0004499,1/9/25,date1
574,2025SIR0004508,1/8/25,date1
574,2025SIR0004508,1/9/25,date2
575,2025SIR0004538,1/9/25,date1
575,2025SIR0004538,1/10/25,date2
576,2025SIR0004544,1/9/25,date1
576,2025SIR0004544,1/10/25,date2
577,2025SIR0004584,1/11/25,date1
577,2025SIR0004584,1/12/25,date2
578,2025SIR0004619,1/13/25,date1
579,2025SIR0004642,1/2/25,date1
579,2025SIR0004642,1/14/25,date2
580,2025SIR0004695,1/13/25,date1
580,2025SIR0004695,1/14/25,date2
581,2025SIR0004693,1/14/25,date1
582,2025SIR0004739,1/14/25,date1
582,2025SIR0004739,1/15/25,date2
583,2025SIR0004778,1/15/25,date1
583,2025SIR0004778,1/16/25,date2
584,2025SIR0004838,1/16/25,date1
585,2025SIR0004911,1/3/25,date1
585,2025SIR0004911,1/17/25,date2
586,2025SIR0004907,1/16/25,date1
586,2025SIR0004907,1/17/25,date2
587,2025SIR0004936,1/17/25,date1
587,2025SIR0004936,1/18/25,date2
588,2025SIR0004939,1/17/25,date1
588,2025SIR0004939,1/18/25,date2
589,2025SIR0004917,1/17/25,date1
589,2025SIR0004917,1/18/25,date2
590,2025SIRO004981,1/19/25,date1
590,2025SIRO004981,1/20/25,date2
591,2025SIR0005026,1/20/25,date1
591,2025SIR0005026,1/21/25,date2
592,2025SIR0005019,1/20/25,date1
592,2025SIR0005019,1/21/25,date2
593,2025SIR0005040,1/19/25,date1
593,2025SIR0005040,1/21/25,date2
594,2025SIR0005090,1/22/25,date1
595,2025SIR0005070,1/22/25,date1
596,2025SIR0005196,1/23/25,date1
597,2025SIR0005147,1/23/25,date1
598,2025SIR0005149,1/23/25,date1
599,2025SIR0005287,1/24/25,date1
600,2025SIR0005213,1/24/25,date1
601,2025SIR0005305,1/25/25,date1
602,2025SIR0005357,1/26/25,date1
603,2025SIR0005360,1/26/25,date1
604,2025SIR0005334,1/26/25,date1
605,2025SIR0005374,1/27/25,date1
606,2025SIR0005442,1/28/25,date1
607,2025SIR0005465,1/28/25,date1
608,2025SIR0005436,1/28/25,date1
609,2025SIR0005512,1/29/25,date1
610,2025SIR0005641,1/30/25,date1
611,2025SIRO007327,2/27/25,date1
612,2025SIRO007203,2/25/25,date1
613,2025SIR0007146,2/25/25,date1
614,2025SIR0007404,2/28/25,date1
615,2025SIRO007470,2/28/25,date1
616,2025SIR0007478,2/28/25,date1
617,2025SIR0007459,2/28/25,date1
618,2025SIR0007456,2/28/25,date1
619,2025SIR0007495,3/1/25,date1
620,2025SIR0007448,3/1/25,date1
621,2025SIR0007505,3/1/25,date1
622,2025SIR0007500,3/3/25,date1
623,2025SIR0007605,3/3/25,date1
624,2025SIRO007704,3/5/25,date1
625,2025SIRO007722,3/5/25,date1
626,2025SIR0007734,3/5/25,date1
627,2025SIR0007821,3/6/25,date1
628,2025SIR0007818,3/6/25,date1
629,2025SIR0007824,3/6/25,date1
630,2025SIRO007890,3/7/25,date1
631,2025SIR0007921,3/8/25,date1
632,2025SIR0007951,3/8/25,date1
633,2025SIRO007936,3/8/25,date1
634,2025SIR0007963,3/9/25,date1
635,2025SIR0007982,3/10/25,date1
636,2025SIRO007955,3/10/25,date1
637,2025SIR0008025,3/10/25,date1
638,2025SIR0008056,3/11/25,date1
639,2025SIR0008092,3/11/25,date1
640,2025SIR0008033,3/11/25,date1
641,2025SIR0008034,3/11/25,date1
642,2025SIR0008178,3/12/25,date1
643,2025SIR0008148,3/12/25,date1
644,2025SIR0008153,3/12/25,date1
645,2025SIRO008280,3/14/25,date1
646,2025SIR00083732 / 2025SIR0008377 / 2025SIR0008378,3/15/25,date1
647,2025SIR0008383,3/16/25,date1
648,2025SIR0008392,3/16/25,date1
649,2025SIR0008395,3/16/25,date1
650,2025SIR0008455,3/17/25,date1
651,2025SIR0008368,3/17/25,date1
652,2025SIR0008448,3/17/25,date1
653,2025SIR0008434,3/17/24,date1
654,2025SIRO008499,3/18/25,date1
655,2025SIR0008471,3/18/24,date1
656,2025SIR0008556,3/19/25,date1
657,2025SIR0008678,3/20/25,date1
658,2025SIR0008751,3/21/25,date1
659,2025SIRO008805,3/21/25,date1
660,2025SIR0008820,3/21/25,date1
661,2025SIR0008782,3/21/25,date1
662,2025SIR0008813,3/21/25,date1
663,2025SIR0008848,3/22/25,date1
664,2025SIR0008835,3/22/25,date1
665,2025SIR0008855,3/23/25,date1
666,2025SIR0008866,3/23/25,date1
667,2025SIR0008941,3/25/25,date1
668,2025SIR0009080,3/26/25,date1
669,2025SIR0009101,3/26/25,date1
670,2025SIR0009038,3/26/24,date1
671,2025SIR0009075,3/26/25,date1
672,2025SIR0009106,3/27/25,date1
673,2025SIR0009251,3/28/25,date1
674,2025SIR0009267,3/28/25,date1
675,2025SIR0009227,3/28/25,date1
676,2025SIRO009272,3/29/25,date1
677,2025SIRO009295,3/29/25,date1
678,2025SIR0009291,3/29/25,date1
679,2025SIR0009300,3/29/25,date1
680,2025SIR0009275,3/29/25,date1
681,2025SIR0009314,3/30/25,date1
682,2025SIRO009327,3/30/25,date1
683,2025SIRO009355,3/31/25,date1
684,2025SIR0009461,4/1/25,date1
685,2025SIRO009424,3/31/25,date1
685,2025SIRO009424,4/1/25,date2
686,2025SIR0009389,4/1/25,date1
687,2025SIR0009563,4/3/25,date1
688,2025SIR0009751,4/7/25,date1
689,2025SIR0009630,4/2/25,date1
689,2025SIR0009630,4/4/25,date2
690,2025SIR0009624,4/4/25,date1
691,2025SIR0019735/ 2025SIR0019736,9/30/25,date1
692,2025SIR0019731/2025SIR0019732,9/30/25,date1
693,2025SIR0019716,9/30/25,date1
694,2026SIR0000080,10/1/25,date1
695,2026SIR0000079,10/1/25,date1
696,2026SIR0000117,10/1/25,date1
697,2026SIR0000118,10/1/25,date1
698,2026SIR0000174,10/2/25,date1
699,2026SIR0000175,10/2/25,date1
700,2026SIR0000149,10/2/25,date1
701,2026SIR0000223,10/2/25,date1
702,2026SIRO000226,10/2/25,date1
703,2026SIR0000148,10/2/25,date1
704,2026SIR0000177,10/2/25,date1
705,2026SIR0000155,10/2/25,date1
706,2026SIR0000277,10/3/25,date1
707,2026SIR0000247/2026SIR0000248,10/3/25,date1
708,2026SIR0000284,10/3/25,date1
709,2026SIR0000283,10/3/25,date1
710,2026SIR0000198,10/3/25,date1
711,2026SIR0000310,10/3/25,date1
712,2026SIR0000327,10/3/25,date1
713,2026SIR0000260,10/3/25,date1
714,2026SIR0000342,10/4/25,date1
715,2026SIR0000343,10/4/25,date1
716,2026SIR0000347,10/4/25,date1
717,2026SIR0000345,10/4/25,date1
718,2026SIR0000360,10/5/25,date1
719,2026SIR0000400,10/6/25,date1
720,2026SIR0000393,10/6/25,date1
721,2026SIR0000379,10/6/25,date1
722,2026SIR0000380,10/6/25,date1
723,2026SIR0000394,10/6/25,date1
724,2026SIR0000395,10/6/25,date1
725,2026SIR0000376,10/6/25,date1
726,2026SIR0000412,10/6/25,date1
727,2026SIR0000482/2026SIR0000485,10/7/25,date1
728,2026SIR0000523,10/8/25,date1
729,2026SIR0000531,10/8/25,date1
730,2026SIR0000595,10/9/25,date1
731,2026SIR0000638/2026SIR0000639,10/9/25,date1
732,2026SIR0000596,10/9/25,date1
733,2026SIR0000640,10/9/25,date1
734,2026SIR0000646,10/9/25,date1
735,2026SIR0000625,10/9/25,date1
736,2026SIR0000735,10/10/25,date1
737,2026SIR0000746,10/10/25,date1
738,2026SIR0000784,10/11/25,date1
739,2026SIR0000771,10/11/25,date1
740,2026SIR0000774,10/11/25,date1
741,2026SIR0000806,10/12/25,date1
742,2026SIR0000807,10/12/25,date1
743,2026SIR0000811,10/13/25,date1
744,2026SIR0000829,10/13/25,date1
745,2026SIR0000846,10/14/25,date1
746,2026SIR0000892,10/14/25,date1
747,2026SIR0000880,10/14/25,date1
748,2026SIR0000910,10/15/25,date1
749,2026SIR0000943,10/15/25,date1
750,2026SIR0000917,10/15/25,date1
751,2026SIR0001098,10/17/25,date1
752,2026SIR0001058,10/17/25,date1
753,2026SIR0001200,10/20/25,date1
754,2026SIR0001202,10/20/25,date1
755,2026SIR0001182,10/20/25,date1
756,2026SIR0001221,10/21/25,date1
757,2026SIR0001254,10/21/25,date1
758,2026SIR0001249,10/21/25,date1
759,2026SIR0001232,10/21/25,date1
760,2026SIR0001344,10/22/25,date1
761,2026SIR0001331,10/22/25,date1
762,2026SIR0001458,10/23/25,date1
763,2026SIR0001418,10/23/25,date1
764,2026SIR0001406,10/24/25,date1
765,2026SIR0001593,10/26/25,date1
766,2026SIR0001659,10/27/25,date1
767,2026SIR0001645,10/27/25,date1
768,2026SIR0001625,10/27/25,date1
769,2026SIR0001675,10/27/25,date1
770,2026SIR0001676,10/28/25,date1
771,2026SIR0001683,10/28/25,date1
772,2026SIR0001682,10/28/25,date1
773,2026SIR0001698,10/28/25,date1
774,2026SIR0001660,10/28/25,date1
775,2026SIR0001699,10/28/25,date1
776,2026SIR0001700,10/28/25,date1
777,2026SIR0001741,10/28/25,date1
778,2026SIR0001794,10/29/25,date1
779,2026SIR0001780,10/29/25,date1
780,2026SIR0001892,10/30/25,date1
781,2026SIR0001902,10/30/25,date1
782,2026SIR0001854,10/30/25,date1
783,2025SIR0005673,1/31/25,date1
784,2025SIR0005710,1/31/25,date1
785,2025SIR0005728,1/31/25,date1
786,2025SIR0005778,1/31/25,date1
787,2025SIR0005616,1/31/25,date1
788,2025SIR0005672,1/31/25,date1
789,2025SIR0005831,2/2/25,date1
790,2025SIR0005833,2/2/25,date1
791,2025SIR0005810,2/1/25,date1
792,2025SIR0005805,2/1/25,date1
793,2025SIR0005851,2/3/25,date1
794,2025SIR0005867,2/3/25,date1
795,2025SIR0005984,2/4/25,date1
796,2025SIR0005918,2/4/25,date1
797,2025SIR0005923,2/4/25,date1
798,2025SIR0006045,2/5/25,date1
799,2025SIR0006035,2/5/25,date1
800,2025SIR0006061,2/5/25,date1
801,2025SIR0006091,2/6/25,date1
802,2025SIR0006142,2/7/25,date1
803,2025SIR0006119,2/7/25,date1
804,2025SIR0006231,2/8/25,date1
805,2025SIR0006223,2/8/25,date1
806,2025SIR0006236,2/8/25,date1
807,2025SIR0006258,2/9/25,date1
808,2025SIR0006257,2/9/25,date1
809,2025SIR0006308,2/10/25,date1
810,2025SIR0006303,2/10/25,date1
811,2025SIR0006327,2/10/25,date1
812,2025SIR0006290,2/10/25,date1
813,2025SIR0006358,2/11/25,date1
814,2025SIR0006488,2/13/25,date1
815,2025SIR0006499,2/13/25,date1
816,2025SIR0006478,2/13/25,date1
817,2025SIR0006566,2/14/25,date1
818,2025SIR0006636,2/15/25,date1
819,2025SIR0006637,2/15/25,date1
820,2025SIR0006632,2/15/25,date1
821,2025SIR0006655,2/15/24,date1
822,2025SIR0006699,2/17/25,date1
823,2025SIR0006704,2/17/25,date1
824,2025SIR0006764,2/18/25,date1
825,2025SIR0006853,2/19/25,date1
826,2025SIR0006899,2/20/25,date1
827,2025SIR0006894,2/20/25,date1
828,2025SIR0006979,2/21/25,date1
829,2025SIR0007070,2/23/25,date1
830,2025SIR0007058,2/23/25,date1
831,2025SIR0007075,2/23/25,date1
832,2025SIR0007141,2/24/25,date1
833,2025SIR0007120,2/24/25,date1
834,2025SIR0007258,2/26/25,date1
835,2025SIR0016859,8/11/25,date1
836,2025SIR0012179,5/16/25,date1
837,2025SIR0012185,5/16/25,date1
838,2025SIR0012181,5/16/25,date1
839,2025SIR0016976,8/12/25,date1
840,2025SIR0016929,8/12/25,date1
841,2025SIR0016755,8/13/25,date1
842,2025SIR0016933,8/13/25,date1
843,2025SIR0012233,5/18/25,date1
844,2025SIR0012239,5/18/25,date1
845,2025SIR0012237,5/18/25,date1
846,2025SIR0017072,8/14/25,date1
847,2025SIR0017047,8/14/25,date1
848,2025SIR0012273,5/19/25,date1
849,2025SIR0017062,8/14/25,date1
850,2025SIR0012289,5/19/25,date1
851,2025SIRO012288,5/19/25,date1
852,2025SIR0017095,8/14/25,date1
853,2025SIR0012284,5/19/25,date1
854,2025SIR0016596,8/15/25,date1
855,2025SIR0017185,8/16/25,date1
856,2025SIR0017203,8/16/25,date1
857,2025SIR0017205,8/16/25,date1
858,2025SIR0012380,5/21/25,date1
859,2025SIR0012450,5/21/25,date1
860,2025SIR0017208,8/17/25,date1
861,2025SIR0017263/2025SIR0017251,8/18/25,date1
862,2025SIR0017273,8/19/25,date1
863,2025SIR0012539,5/22/25,date1
863,2025SIR0012539,5/22/25,date2
864,2025SIR0017346/2025SIR0017349,8/19/25,date1
865,2025SIR0017333,8/19/25,date1
866,2025SIR0012390,5/22/25,date1
867,2025SIR0012501,5/22/25,date1
868,2025SIR0017404,8/20/25,date1
869,2025SIR0012561,5/23/25,date1
870,2025SIR0017496,8/21/25,date1
871,2025SIR0012652,5/25/25,date1
872,2025SIR0017510,8/22/25,date1
873,2025SIR0017508,8/22/25,date1
874,2025SIR0017225,8/22/25,date1
875,2025SIR0017626,8/24/25,date1
876,2025SIR0017352,8/24/25,date1
877,2025SIR0017634,8/24/25,date1
878,2025SIR0017685,8/25/25,date1
879,2025SIR0012720,5/27/25,date1
880,2025SIR0017718,8/26/25,date1
881,2025SIR0017706,8/26/25,date1
882,2025SIR0012732,5/28/25,date1
883,2025SIR0012766,5/28/25,date1
884,2025SIR0017745,8/27/25,date1
885,2025SIR0017771,8/27/25,date1
886,2025SIR0012841,5/29/25,date1
887,2025SIR0012909,5/29/25,date1
888,2025SIR0012888/2025SIR0012910,5/29/25,date1
889,2025SIR0012871,5/29/25,date1
890,2025SIR0012970,5/30/25,date1
891,2025SIR0012949,5/30/25,date1
892,2025SIR0012945,5/30/25,date1
893,2025SIR0012979,5/30/25,date1
894,2025SIR0012954,5/30/25,date1
895,2025SIR0012982,5/31/25,date1
896,2025SIR0013013,5/31/25,date1
897,2025SIR0013005,5/31/25,date1
898,2025SIR0013022,6/1/25,date1
899,2025SIR0013048,6/2/25,date1
900,2025SIR0013061,6/2/25,date1
901,2025SIR0013085,6/3/25,date1
902,2025SIR0013081,6/3/25,date1
903,2025SIR0013135,6/3/25,date1
904,2025SIR0013212,6/4/25,date1
905,2025SIR0017837,8/28/25,date1
906,2025SIR0017870,8/28/25,date1
907,2025SIR0017931,8/29/25,date1
908,2025SIR0017952,8/29/25,date1
909,2025SIR0017970,8/29/25,date1
910,2025SIR0017930,8/29/25,date1
911,2025SIR0018005,8/30/25,date1
912,2025SIR0018033,9/1/25,date1
913,2025SIR0018057,9/1/25,date1
914,2025SIR0018042,9/1/25,date1
915,2025SIR0018054,9/1/25,date1
916,2025SIR0018097,9/2/25,date1
917,2025SIR0018075,9/2/25,date1
918,2025SIR0018087,9/2/25,date1
919,2025SIR0018146,9/3/25,date1
920,2025SIR0018113/2025SIR0018114,9/3/25,date1
921,2025SIR0018250,9/4/25,date1
922,2025SIR0018181,9/4/25,date1
923,2025SIR0018191,9/4/25,date1
924,2025SIR0018326,9/5/25,date1
925,2025SIR0018273,9/5/25,date1
926,2025SIR0018353,9/6/25,date1
927,2025SIR0018389,9/7/25,date1
928,2025SIR0018414,9/8/25,date1
929,2025SIR0013156,6/4/25,date1
930,2025SIR0013176,6/4/25,date1
931,2025SIR0013187,6/4/25,date1
932,2025SIR0013218,6/4/25,date1
933,2025SIR0013180,6/4/25,date1
934,2025SIR0013290,6/5/25,date1
935,2025SIR0013231,6/5/25,date1
936,2025SIR0013248,6/5/25,date1
937,2025SIR0013282,6/5/25,date1
938,2025SIR0018472,9/9/25,date1
939,2025SIR0013323,6/6/25,date1
940,2025SIR0018447,9/9/25,date1
941,2025SIR0013378,6/6/25,date1
942,2025SIR0018492,9/9/25,date1
943,2025SIR0013396,6/7/25,date1
944,2025SIR0013399,6/7/25,date1
945,2025SIR0013414,6/8/25,date1
946,2025SIR0013423,6/8/25,date1
947,2025SIR0018531,9/10/25,date1
948,2025SIR0013451,6/9/25,date1
949,2025SIR0018319,9/11/25,date1
950,2025SIR0018679,9/12/25,date1
951,2025SIR0018721,9/12/25,date1
952,2025SIR0013529,6/10/25,date1
953,2025SIR0018699,9/12/25,date1
954,2025SIR0018661,9/12/25,date1
955,2025SIR0018756,9/13/25,date1
956,2025SIR0013462,6/11/25,date1
957,2025SIR0018740,9/13/25,date1
958,2025SIR0013581,6/11/25,date1
959,2025SIR0013584,6/11/25,date1
960,2025SIR0018732,9/13/25,date1
961,2025SIR0018742,9/13/25,date1
962,2025SIR0013565,6/11/25,date1
963,2025SIR0018743,9/13/25,date1
964,2025SIR0018744,9/13/25,date1
965,2025SIR0018761,9/14/25,date1
966,2025SIR0018828,9/15/25,date1
967,2025SIR0018823,9/15/25,date1
968,2025SIR0018807,9/15/25,date1
969,2025SIR0013623,6/12/25,date1
970,2025SIR0013658,6/12/25,date1
971,2025SIR0013673,6/12/25,date1
972,2025SIR0018863,9/16/25,date1
973,2025SIR0018880,9/16/25,date1
974,2025SIR0013716,6/13/25,date1
975,2025SIR0013725,6/13/25,date1
976,2025SIR0018970,11/17/25,date1
977,2025SIR0018928,9/17/25,date1
978,2025SIR0019060,9/18/25,date1
979,2025SIR0019019,9/18/25,date1
980,2025SIR0019049,9/18/25,date1
981,2025SIR0019086,9/19/25,date1
982,2025SIR0019122,9/19/25,date1
983,2025SIR0019124,9/19/25,date1
984,2025SIR0019097,9/19/25,date1
985,2025SIR0019069,9/19/25,date1
986,2025SIR0019188,9/20/25,date1
987,2025SIR0019206,9/20/25,date1
988,2025SIR0019173,9/20/25,date1
989,2025SIR0019199,9/20/25,date1
990,2025SIR0019210,9/20/25,date1
991,2025SIR0019235,9/21/25,date1
992,2025SIR0019220,9/21/25,date1
993,2025SIR0019225,9/21/25,date1
994,2025SIR0019219,9/21/25,date1
995,2025SIR0019307,9/23/25,date1
996,2025SIR0019306,9/23/25,date1
997,2025SIR0019346,9/23/25,date1
998,2025SIR0019273,9/23/25,date1
999,2025SIR0019389,9/24/25,date1
1000,2025SIR0019390,9/24/25,date1
1001,2025SIR0019392,9/24/25,date1
1002,2025SIR0019458,9/25/25,date1
1003,2025SIR0019457,9/24/25,date1
1004,2025SIR0019474,9/25/25,date1
1005,2025SIR0019535,9/26/25,date1
1006,2025SIR0019535,9/26/25,date1
1007,2025SIR0019534,9/24/25,date1
1008,2025SIR0019538,9/26/25,date1
1009,2025SIR0019595,9/27/25,date1
1010,2025SIR0019605,9/27/25,date1
1011,2025SIR0019615,9/27/25,date1
1012,2025SIR0019653,9/28/25,date1
1013,2025SIR0019628,9/28/25,date1
1014,2025SIR0019699,9/29/25,date1
1015,2025SIR0019621,9/29/25,date1
1016,2025SIRO019702,9/29/25,date1
1017,2025SIR0013771,6/14/25,date1
1018,2025SIR0013769,6/14/25,date1
1019,2025SIR0013772,6/14/25,date1
1020,2025SIR0013777,6/14/25,date1
1021,2025SIR0013757,6/14/25,date1
1022,2025SIR0013758,6/14/25,date1
1023,2025SIR0013832,6/16/25,date1
1024,2025SIR0013872,6/16/25,date1
1025,2025SIR0013937,6/17/25,date1
1026,2025SIR0013910,6/17/25,date1
1027,2025SIR0013961,6/18/25,date1
1028,2025SIR0014040,6/19/25,date1
1029,2025SIR0014085,6/19/25,date1
1030,2025SIR0014082,6/19/25,date1
1031,2025SIR0014207,6/22/25,date1
1032,2025SIR0014253,6/23/25,date1
1033,2025SIR0014236,6/23/25,date1
1034,2025SIR0014234,6/23/25,date1
1035,2025SIR0014263,6/23/25,date1
1036,2025SIR0014366,6/25/25,date1
1037,2025SIR0014468,6/26/25,date1
1038,2025SIR0014473,6/26/25,date1
1039,2025SIR0014526,6/27/25,date1
1040,2025SIR0014559,6/27/25,date1
1041,2025SIR0014541,6/27/25,date1
1042,2025SIR0014599,6/28/25,date1
1043,2025SIR0014600,6/28/25,date1
1044,2025SIR0014608,6/28/25,date1
1045,2025SIR0014622,6/29/25,date1
1046,2025SIR0014621,6/29/25,date1
1047,2025SIR0014730,7/1/25,date1
1048,2025SIR0014724,7/1/25,date1
1049,2025SIR0014714,7/1/25,date1
1050,2025SIR0014388,7/1/25,date1
1051,2025SIR0014427,7/1/25,date1
1052,2026SIR0001992,10/31/25,date1
1053,2026SIR0001935,10/31/25,date1
1054,2025SIR0014749,7/1/25,date1
1055,2026SIR0001919,10/31/25,date1
1056,2025SIR0014777,7/2/25,date1
1057,2026SIR0001999,11/1/25,date1
1058,2025SIR0014786,7/2/25,date1
1059,2026SIR0002007,11/1/25,date1
1060,2025SIR0014809,7/2/25,date1
1061,2025SIR0014875,7/3/25,date1
1062,2026SIR0002092,11/3/25,date1
1063,2026SIR0002077,11/3/25,date1
1064,2026SIR0002139,11/4/25,date1
1065,2026SIR0002131,11/4/25,date1
1066,2026SIR0002152,11/4/25,date1
1067,2026SIR0002223,11/5/25,date1
1068,2026SIR0002204,11/5/25,date1
1069,2026SIR0002325,11/6/25,date1
1070,2026SIR0002370,11/6/25,date1
1071,2026SIR0002415,11/7/25,date1
1072,2026SIR0002461,11/7/25,date1
1073,2026SIR0002484,11/8/25,date1
1074,2026SIR0002486,11/8/25,date1
1075,2026SIR0002536,11/9/25,date1
1076,2026SIR0002500,11/9/25,date1
1077,2026SIR0002588,11/10/25,date1
1078,2026SIR0002606,11/10/25,date1
1079,2026SIR0002544,11/10/25,date1
1080,2026SIR0002614,11/10/25,date1
1081,2026SIR0002635,11/11/25,date1
1082,2026SIR0002622,11/11/25,date1
1083,2026SIR0000513,11/12/25,date1
1084,2026SIR0002693,11/12/25,date1
1085,2026SIR0002751,11/13/25,date1
1086,2026SIR0002913,11/14/25,date1
1087,2026SIR0002919,11/14/25,date1
1088,2026SIR0002908,11/14/25,date1
1089,2026SIR0002824,11/14/25,date1
1090,2026SIR0002926,11/15/25,date1
1091,2026SIR0002916,11/15/25,date1
1092,2026SIRO002936,11/15/25,date1
1093,2026SIR0003022,11/17/25,date1
1094,2026SIR0002997,11/17/25,date1
1095,2026SIR0003036,11/18/25,date1
1096,2026SIR0003080,11/18/25,date1
1097,2026SIR0003109,11/19/25,date1
1098,2026SIR0003351,11/21/25,date1
1099,2026SIR0003261,11/21/25,date1
1100,2026SIR0003285,11/21/25,date1
1101,2026SIR0003403,11/22/25,date1
1102,2025SIR0014886,7/3/25,date1
1103,2026SIR0003407,11/22/25,date1
1104,2025SIR0014966,7/7/25,date1
1105,2025SIR0014914,7/3/25,date1
1106,2026SIR0003422,11/23/25,date1
1107,2025SIR0014967,7/4/25,date1
1108,2025SIR0014924,7/7/25,date1
1109,2025SIR0015034,7/8/25,date1
1110,2025SIR0015037,7/8/25,date1
1111,2026SIR0003576,11/25/25,date1
1112,2025SIR0015035,7/8/25,date1
1113,2026SIR0003480,11/25/25,date1
1114,2025SIR0015063,7/8/25,date1
1115,2026SIR0003564,11/25/25,date1
1116,2025SIR0015018,7/8/25,date1
1117,2026SIR0003636,11/26/25,date1
1118,2025SIR0015085,7/9/25,date1
1119,2026SIR0003584,11/26/25,date1
1120,2025SIR0015132,7/9/25,date1
1121,2026SIR0003599,11/26/25,date1
1122,2025SIR0015126,7/9/25,date1
1123,2026SIR0003613,11/26/25,date1
1124,2025SIR0015162,7/10/25,date1
1125,2026SIR0003651,11/27/25,date1
1126,2025SIRO015204,7/10/25,date1
1127,2026SIR0003657,11/27/25,date1
1128,2025SIR0014990,7/10/25,date1
1129,2025SIR0015107,7/10/25,date1
1130,2025SIR0015183,7/10/25,date1
1131,2026SIR0003649,11/27/25,date1
1132,2025SIR0015250,7/11/25,date1
1133,2026SIR0003648,11/27/25,date1
1134,2025SIR0015255,7/11/25,date1
1135,2026SIR0003663/2026SIR0003680,11/27/25,date1
1136,2025SIR0015227,7/11/25,date1
1137,2025SIR0015272,7/11/25,date1
1138,2025SIR0015278,7/11/25,date1
1139,2026SIR0003718,11/28/25,date1
1140,2026SIR0003702,11/28/24,date1
1141,2026SIR0003708,11/28/25,date1
1142,2025SIR0015303,7/12/25,date1
1143,2025SIR0015287,7/12/25,date1
1144,2026SIR0003741/2026SIR0003742,11/29/25,date1
1145,2026SIR0003732,11/29/25,date1
1146,2026SIR0003747,11/29/25,date1
1147,2026SIR0003748,11/29/25,date1
1148,2025SIR0015340 / 2025SIR0015341,7/13/25,date1
1149,2026SIR0003757,11/30/25,date1
1150,2026SIR0003756,11/30/25,date1
1151,2025SIR0015393,7/14/25,date1
1152,2026SIR0003770,11/30/25,date1
1153,2026SIR0003761,11/30/25,date1
1154,2026SIR0003796,12/1/25,date1
1155,2026SIR0003834,12/1/25,date1
1156,2026SIR0003829,12/1/25,date1
1157,2025SIR0015518,7/16/25,date1
1158,2025SIR0015513,7/16/25,date1
1159,2025SIR0015542,7/17/25,date1
1160,2025SIR0015589,7/17/25,date1
1161,2026SIR0003863,12/2/25,date1
1162,2026SIR0003862,12/2/25,date1
1163,2026SIR0003848/2026SIR0003847,12/2/25,date1
1164,2026SIR0003859,12/2/25,date1
1165,2025SIR0003906,12/2/25,date1
1166,2026SIR0003924,12/2/25,date1
1167,2026SIR0004000,12/3/25,date1
1168,2025SIR0015645,7/18/25,date1
1169,2026SIR0003940,12/3/25,date1
1170,2026SIR0003934,12/3/25,date1
1171,2026SIR0003991,12/3/25,date1
1172,2026SIR0004046,12/4/25,date1
1173,2026SIR0004072,12/4/25,date1
1174,2025SIR0015707,7/20/25,date1
1175,2026SIR0004071,12/4/25,date1
1176,2025SIR0015696,7/20/25,date1
1177,2026SIR0004206,12/7/25,date1
1178,2026SIR0004234,12/7/25,date1
1179,2026SIR0004227,12/7/25,date1
1180,2026SIR0004233,12/7/25,date1
1181,2026SIR0004228,12/7/25,date1
1182,2025SIR0009726,4/6/25,date1
1183,2025SIR0009730,4/6/25,date1
1184,2025SIR0009746,4/6/25,date1
1185,2025SIR0009940,4/9/25,date1
1186,2025SIR0009838,4/9/25,date1
1187,2025SIR0009749,4/8/25,date1
1188,2025SIR0009864,4/8/25,date1
1189,2025SIR0009971,4/10/25,date1
1190,2025SIR0009957,4/10/25,date1
1191,2025SIR0010018,4/10/25,date1
1192,2025SIR0010159,4/12/25,date1
1193,2025SIR0010151,4/12/25,date1
1194,2025SIR0010158,4/12/25,date1
1195,2025SIR0010103,4/12/25,date1
1196,2025SIR0010108,4/12/25,date1
1197,2025SIR0010090,4/12/25,date1
1198,2025SIR0010086,4/11/25,date1
1199,2025SIR0010216,4/14/25,date1
1200,2025SIR0010289,4/15/25,date1
1201,2025SIR0010286,4/15/25,date1
1202,2025SIR0010341,4/16/25,date1
1203,2025SIR0010410,4/17/25,date1
1204,2025SIR0010572,4/20/25,date1
1205,2025SIR0010633,4/22/25,date1
1206,2025SIR0010677,4/22/25,date1
1207,2025SIR0010628,4/22/25,date1
1208,2025SIR0010744,4/23/25,date1
1209,2025SIR0010704,4/23/25,date1
1210,2025SIR0010772,4/24/25,date1
1211,2025SIR0010771,4/24/25,date1
1212,2025SIR0010816,4/24/25,date1
1213,2025SIR0010892,4/25/25,date1
1214,2025SIR0010902,4/25/25,date1
1215,2025SIR0010912,4/26/25,date1
1216,2025SIR0010925,4/26/25,date1
1217,2025SIR0010927,4/26/25,date1
1218,2025SIR0010913,4/26/25,date1
1219,2025SIR0011021,4/29/25,date1
1220,2025SIR0011020,4/29/25,date1
1221,2025SIR0011083,4/30/25,date1
1222,2025SIR0011136,4/30/25,date1
1223,2025SIR0011159,4/30/25,date1
1224,2025SIR0011157,4/30/25,date1
1225,2025SIR0011093,4/30/25,date1
1226,2025SIR0011069,4/30/25,date1
1227,2025SIR0011146,4/30/25,date1
1228,2025SIR0011043,5/1/25,date1
1229,2025SIR0011214,5/2/25,date1
1230,2025SIR0011348,5/3/25,date1
1231,2025SIR0011355,5/4/25,date1
1232,2025SIR0011346,5/4/25,date1
1233,2025SIR0011404,5/5/25,date1
1234,2025SIR0011384,5/5/25,date1
1235,2025SIR0011393,5/5/25,date1
1236,2025SIR0011478,5/6/25,date1
1237,2025SIR0011473,5/6/25,date1
1238,2025SIR0011480,5/6/25,date1
1239,2025SIR0011476,5/6/25,date1
1240,2025SIR0011494,5/6/25,date1
1241,2025SIR0011539,5/7/25,date1
1242,2025SIR0011633,5/8/25,date1
1243,2025SIR0011664,5/8/25,date1
1244,2025SIR0011607,5/8/25,date1
1245,2025SIR0015733,7/21/25,date1
1246,2025SIR0015824,7/22/25,date1
1247,2025SIR0015739,7/22/25,date1
1248,2025SIR0015829,7/23/25,date1
1249,2025SIR0016042,7/26/25,date1
1250,2025SIR0016043,7/26/25,date1
1251,2025SIR0016056,7/27/25,date1
1252,2025SIR0016095,7/28/25,date1
1253,2025SIR0015678,7/28/25,date1
1254,2025SIR0016106,7/28/25,date1
1255,2025SIR0016168,7/29/25,date1
1256,2025SIR0016119,7/29/25,date1
1257,2025SIR0016223,7/30/25,date1
1258,2025SIR0016266,7/30/25,date1
1259,2025SIR0016192,7/30/25,date1
1260,2025SIR0016232,7/31/25,date1
1261,2025SIR0016392,8/1/25,date1
1262,2025SIR0016463,8/3/25,date1
1263,2025SIR0016458,8/3/25,date1
1264,2025SIR0016531,8/5/25,date1
1265,2025SIR0016545,8/5/25,date1
1266,2025SIR0016582,8/5/25,date1
1267,2025SIR0016600,8/5/25,date1
1268,2025SIR0016612,8/6/25,date1
1269,2025SIR0016617,8/6/25,date1
1270,2025SIR0011670,5/9/25,date1
1271,2025SIR0011663,5/9/25,date1
1272,2025SIR0016597,8/6/25,date1
1273,2025SIR0015873,8/6/25,date1
1274,2025SIR0016637,8/6/25,date1
1275,2025SIR0011696,5/9/25,date1
1276,2025SIR0016720,8/7/25,date1
1277,2025SIR0016667,8/7/25,date1
1278,2025SIR0011749,5/10/25,date1
1279,2025SIR0016734/2025SIR0016772,8/8/25,date1
1280,2025SIR0011785,5/11/25,date1
1281,2025SIR0016768,6/7/25,date1
1282,2025SIR0016792,8/8/25,date1
1283,2025SIR0016767,8/8/25,date1
1284,2025SIR0016793,8/8/24,date1
1285,2025SIR0011867,5/12/25,date1
1286,2025SIR0016817,8/9/25,date1
1287,2025SIR0016824,8/9/25,date1
1288,2025SIR0011913,5/13/25,date1
1289,2025SIR0016818,8/9/25,date1
1290,2025SIR0016834,8/9/25,date1
1291,2025SIR0016858,8/10/25,date1
1292,2025SIR0012002,5/14/25,date1
1293,2025SIR0016846,8/10/25,date1
1294,2025SIR0011955,5/14/25,date1
1295,2025SIR0016898,8/11/25,date1
1296,2025SIR0012058,5/15/25,date1
1297,2025SIRO012056,5/15/25,date1
1298,2025SIR0016912,8/11/25,date1
1299,2025SIR0016882,8/11/25,date1
1300,2025SIR0016915,8/11/25,date1
1301,2025SIR0016875,8/11/25,date1
1302,2026SIR0005991,1/12/26,date1
1303,2026SIR0006055,1/13/26,date1
1304,2026SIR0006101,1/14/26,date1
1305,2026SIR0006164,1/14/26,date1
1306,2026SIR0006286,1/16/26,date1
1307,2026SIR0006533,1/21/26,date1
1308,2026SIR0006634,1/22/26,date1
1309,2026SIR0006660,1/23/26,date1
1310,2026SIR0006675,1/23/26,date1
1311,2026SIR0006665,1/23/26,date1
1312,2026SIR0006733,1/24/26,date1
1313,2026SIR0006760,1/24/26,date1
1314,2026SIR0006770,1/24/26,date1
1315,2026SIR0006789,1/25/26,date1
1316,2026SIR0006817,1/26/26,date1
1317,2026SIR0006818,1/26/26,date1
1318,2026SIR0006754,1/26/26,date1
1319,2026SIR0006840,1/26/26,date1
1320,2026SIR0006846,1/27/26,date1
1321,2026SIR0006875,1/27/26,date1
1322,2026SIR0006918,1/28/26,date1
1323,2026SIR0006920,1/28/26,date1
1324,2026SIR0006927,1/28/26,date1
1325,2026SIR0006891,1/28/26,date1
1326,2026SIR0007055,1/30/26,date1
1327,2026SIR0007138,1/31/26,date1
1328,2026SIR0007177,2/1/26,date1
1329,2026SIR0007313,2/3/26,date1
1330,2026SIR0007355,2/4/26,date1
1331,2026SIR0007351,2/4/26,date1
1332,2026SIR0006912,2/4/26,date1
1333,2026SIR0007360,2/4/26,date1
1334,2026SIR0007325,2/4/26,date1
1335,2026SIR0007366,2/4/26,date1
1336,2026SIR0007397,2/5/26,date1
1337,2026SIR0007555,2/6/26,date1
1338,2026SIR0007619,2/8/26,date1
1339,2026SIR0007622,2/9/26,date1
1340,2026SIR0007667,2/9/26,date1
1341,2026SIR0007670,2/10/26,date1
1342,2026SIR0007710,2/10/26,date1
1343,2026SIR0007737,2/10/26,date1
1344,2026SIR0007693,2/10/26,date1
1345,2026SIR0007712,2/10/26,date1
1346,2026SIR0007668,2/11/26,date1
1347,2026SIR0007838,2/12/26,date1
1348,2026SIR0007795,2/12/26,date1
1349,2026SIR0007896,2/13/26,date1
1350,2026SIR0007923,2/13/26,date1
1351,2026SIR0007976,2/14/26,date1
1352,2026SIR0007985,2/14/26,date1
1353,2026SIR0008120,2/18/26,date1
1354,2026SIR0008217,2/19/26,date1
1355,2026SIR0008226,2/19/26,date1
1356,2026SIR0008222,2/19/26,date1
1357,2026SIR0008234,2/19/26,date1
1358,2026SIR0008257,2/19/26,date1
1359,2026SIR0008178,2/19/26,date1
1360,2026SIR0008317,2/20/26,date1
1361,2026SIR0008262,2/20/26,date1
1362,2026SIR0008243,2/20/26,date1
1363,2026SIR0008319,2/20/26,date1
1364,2026SIR0008316,2/20/26,date1
1365,2026SIR0008369,2/21/26,date1
1366,2026SIR0008423,2/22/26,date1
1367,2026SIR0008406,2/22/26,date1
1368,2026SIR0008409,2/22/26,date1
1369,2026SIR0008425,2/22/26,date1
1370,2026SIR0008441,2/23/26,date1
1371,2026SIR0008510,2/24/26,date1
1372,2026SIR0008468,2/24/26,date1
1373,2026SIR0008495,2/24/26,date1
1374,2026SIR0008550,2/25/26,date1
1375,2026SIR0008471,2/25/26,date1
1376,2026SIR0008557,2/25/26,date1
1377,2026SIR0008555,2/25/26,date1
1378,2026SIR0008595,2/25/26,date1
1379,2026SIR0008581,2/26/26,date1
1380,2026SIR0008605,2/26/26,date1
1381,2026SIR0008604,2/26/26,date1
1382,2026SIR0008621,2/26/26,date1
1383,2026SIR0008559,2/26/26,date1
1384,2026SIR0008714,2/27/26,date1
1385,2026SIR0008802,2/28/26,date1
1386,2026SIR0004254,12/8/25,date1
1387,2026SIR0004312,12/9/25,date1
1388,2026SIR0004364,12/9/25,date1
1389,2026SIR0004372,12/10/25,date1
1390,2026SIR0004386,12/10/25,date1
1391,2026SIR0004397,12/10/25,date1
1392,2026SIR0004385,12/10/25,date1
1393,2026SIR0004373,12/10/25,date1
1394,2026SIR0004412,12/10/25,date1
1395,2026SIR0004089,12/10/25,date1
1396,2026SIR0004485,12/11/25,date1
1397,2026SIR0004459,12/11/25,date1
1398,2026SIR0004458,12/12/25,date1
1399,2026SIR0004567,12/12/25,date1
1400,2026SIR0004489,12/12/25,date1
1401,2026SIR0004576,12/12/25,date1
1402,2026SIR0004593,12/12/25,date1
1403,2026SIR0004607,12/14/25,date1
1404,2026SIR0004650,12/14/25,date1
1405,2026SIR0004807,12/17/25,date1
1406,2026SIR0004836,12/17/25,date1
1407,2026SIR0004984,12/19/25,date1
1408,2026SIR0004947,12/19/25,date1
1409,2026SIR0004972,12/19/25,date1
1410,2026SIR0005059,12/20/25,date1
1411,2026SIR0005080,12/20/25,date1
1412,2026SIR0005082,12/20/25,date1
1413,2026SIR0005090,12/21/25,date1
1414,2026SIR0005103,12/21/25,date1
1415,2026SIR0005091,12/21/25,date1
1416,2026SIR0005092,12/21/25,date1
1417,2026SIR0005151,12/22/25,date1
1418,2025SIR0005170,12/22/25,date1
1419,2026SIR0005138,12/22/25,date1
1420,2026SIR0005191,12/23/25,date1
1421,2026SIR0005208,12/23/25,date1
1422,2026SIR0005229,12/23/25,date1
1423,2026SIR0005250,12/24/25,date1
1424,2026SIR0005254,12/24/25,date1
1425,2026SIR0005290,12/25/25,date1
1426,2026SIR0005315,12/26/25,date1
1427,2026SIR0005314,12/26/25,date1
1428,2026SIR0005348,12/27/25,date1
1429,2026SIR0005369,12/28/25,date1
1430,2026SIR0005421,12/29/25,date1
1431,2026SIR0005418,12/29/25,date1
1432,2026SIR0005501,12/31/25,date1
1433,2026SIR0005506,12/31/25,date1
1434,2026SIR0005467,1/1/26,date1
1435,2026SIR0005544,1/2/26,date1
1436,2026SIR0005559,1/2/26,date1
1437,2026SIR0005557,1/2/26,date1
1438,2026SIR0005529,1/2/26,date1
1439,2026SIR0005552,1/2/26,date1
1440,2026SIR0005565,1/3/26,date1
1441,2026SIR0005591,1/3/26,date1
1442,2026SIR0005585,1/3/26,date1
1443,2026SIR0005619,1/4/26,date1
1444,2026SIR0005620,1/4/26,date1
1445,2026SIR0005621,1/4/26,date1
1446,2026SIR0005610,1/4/26,date1
1447,2026SIR0005653,1/5/26,date1
1448,2026SIR0005607,1/5/26,date1
1449,2026SIR0005642,1/5/26,date1
1450,2026SIR0005658,1/5/26,date1
1451,2026SIR0005639,1/5/26,date1
1452,2026SIR0005751,1/7/26,date1
1453,2026SIR0005792,1/8/26,date1
1454,2026SIR0005795,1/8/26,date1
1455,2026SIR0005841,1/8/26,date1
1456,2026SIR0005914,1/9/26,date1
1457,2026SIR0005863,1/9/26,date1
1458,2026SIR0005887,1/9/26,date1
1459,2026SIR0005967,1/11/26,date1
1460,2026SIR0005930,1/11/26,date1